Scientific name,Common name,"IUCN Red
List (2017-1)
Category","Year of
Assessment","Date last recorded in
the wild",Type
Bos sauveli Kouprey,,CR(PE) 2008,,1969/70,MAMMALS
Crateromys australis Dinagat Crateromys,,CR(PE) 2008,,1975,MAMMALS
Crocidura trichura Christmas Island Shrew,,CR(PE) 2008,,1985,MAMMALS
Cryptochloris wintoni De Winton's Golden Mole,,CR(PE) 2008,,1937,MAMMALS
Dendrolagus mayri Wondiwoi Tree-kangaroo,,CR(PE) 2008,,1928,MAMMALS
Dipodomys gravipes San Quintin Kangaroo Rat,,CR(PE) 2008,,1986,MAMMALS
Lipotes vexillifer Baiji,,CR(PE) 2008,,2002,MAMMALS
Melanomys zunigae Zuniga's Dark Rice Rat,,CR(PE) 2008,,1949,MAMMALS
Mesocapromys nanus Dwarf Hutia,,CR(PE) 2008,,1937,MAMMALS
Mesocapromys sanfelipensis Little Earth Hutia,,CR(PE) 2008,,1978,MAMMALS
Monodelphis unistriata Single-striped Opossum,,CR(PE) 2011,,1899,MAMMALS
Murina tenebrosa Gloomy Tube-nosed Bat,,CR(PE) 2008,,1962,MAMMALS
Mystacina robusta New Zealand Greater Short-tailed Bat,,CR(PE) 2008,,1967,MAMMALS
Nilopegamys plumbeus Ethiopian Amphibious Rat,,CR(PE) 2008,,1920s,MAMMALS
Nyctophilus howensis Lord Howe Long-eared Bat,,CR(PE) 2008,,1972,MAMMALS
Peromyscus guardia Angel Island Mouse,,CR(PE) 2008,,1991,MAMMALS
Peromyscus mekisturus Puebla Deer Mouse,,CR(PE) 2008,,Before 1948,MAMMALS
Phalanger matanim Telefomin Cuscus,,CR(PE) 2008,,Possibly 1997,MAMMALS
Pharotis imogene Thomas's Big-eared Bat,,CR(PE) 2008,,1890,MAMMALS
Piliocolobus bouvieri Bouvier’s Red Colobus,,CR(PE) 2008,,1970s,MAMMALS
Pipistrellus murrayi Christmas Island Pipistrelle,,CR(PE) 2009,,2009,MAMMALS
Pteralopex pulchra Montane Monkey-faced Bat,,CR(PE) 2008,,?,MAMMALS
Pteropus aruensis Aru Flying Fox,,CR(PE) 2008,,1992,MAMMALS
Pteropus tuberculatus Vanikoro Flying Fox,,CR(PE) 2008,,Before 1930,MAMMALS
Uromys emmae Emma's Giant Rat,,CR(PE) 2008,,1946,MAMMALS
1886-1888 (confirmed); Uromys imperator Emperor Rat,,CR(PE) 2008,,1960s (possible),MAMMALS
Uromys porculus Guadalcanal Rat,,CR(PE) 2008,,presumably 1886-1888,MAMMALS
Viverra civettina Malabar Civet,,CR(PE) 2015,,?,MAMMALS
Acrocephalus longirostris Moorea Reed-warbler,,CR(PE) 2016,,1987,BIRDS
Callaeas cinereus South Island Kokako,,CR(PE) 2016,,2007,BIRDS
Campephilus imperialis Imperial Woodpecker,,CR(PE) 2013,,1956,BIRDS
Cichlocolaptes mazarbarnetti Cryptic Treehunter,,CR(PE) 2016,,2007,BIRDS
Cyanopsitta spixii Spix's Macaw,,CR(PEW) 2013,,2000,BIRDS
Eriocnemis godini Turquoise-throated Puffleg,,CR(PE) 2012,,1850,BIRDS
Eurostopodus exul New Caledonian Nightjar,,CR(PE) 2014,,1939,BIRDS
Hemignathus affinis Maui Nukupuu,,CR(PE) 2016,,1896,BIRDS
Hemignathus hanapepe Kauai Nukupuu,,CR(PE) 2016,,1899,BIRDS
Hydrobates macrodactylus Guadalupe Storm-petrel,,CR(PE) 2012,,1912,BIRDS
Loxops ochraceus Maui Akepa,,CR(PE) 2016,,1988,BIRDS
Melamprosops phaeosoma Poo-uli,,CR(PE) 2012,,2004,BIRDS
Myadestes lanaiensis Olomao,,CR(PE) 2013,,1994,BIRDS
Numenius borealis Eskimo Curlew,,CR(PE) 2012,,1963,BIRDS
Paroreomyza maculata Oahu Alauahio,,CR(PE) 2012,,1985,BIRDS
Pomarea mira Ua Pou Monarch,,CR(PE) 2013,,2010,BIRDS
Psittirostra psittacea Ou,,CR(PE) 2012,,1989,BIRDS
Pterodroma caribbaea Jamaica Petrel,,CR(PE) 2013,,1879,BIRDS
Pyrrhura subandina Sinu Parakeet,,CR(PE) 2014,,1949,BIRDS
Siphonorhis americana Jamaican Pauraque,,CR(PE) 2012,,1860,BIRDS
Turnix novaecaledoniae New Caledonian Buttonquail,,CR(PE) 2014,,1911,BIRDS
Vermivora bachmanii Bachman's Warbler,,CR(PE) 2013,,1988,BIRDS
Alinea lanceolata Barbados Skink,,CR(PE) 2015,,1889,REPTILES
Anolis roosevelti Culebra Giant Anole,,CR(PE) 2009,,1932,REPTILES
Borikenophis sanctaecrucis Saint Croix Racer,,CR(PE) 2015,,19th or early 20th Century,REPTILES
Calamaria prakkei Prakke's Reed Snake,,CR(PE) 2011,,?,REPTILES
Capitellum mariagalantae Marie-Galante Skink,,CR(PE) 2015,,1830s,REPTILES
Capitellum metallicum Lesser Martinique Skink,,CR(PE) 2015,,before 1879,REPTILES
Capitellum parvicruzae Lesser Saint Croix Skink,,CR(PE) 2013,,?,REPTILES
Celestus anelpistus Giant Hispaniolan Galliwasp,,CR(PE) 2004,,1977,REPTILES
Contomastix vittata,,CR(PE) 2009,,?,REPTILES
Cynisca gansi,,CR(PE),2012,?,REPTILES
Erythrolamprus cursor,Lacépède's Ground Snake,CR(PE),2015,1968,REPTILES
Gallotia auaritae,La Palma Giant Lizard,CR(PE),2008,?,REPTILES
Hypsirhynchus ater,Jamaican Racer,CR(PE),2015,1900,REPTILES
Hypsirhynchus melanichnus,La Vega Racer,CR(PE),2015,1910,REPTILES
Leiocephalus endomychus,Central Haitian Curlytail,CR(PE),2015,1976,REPTILES
Leiocephalus pratensis,Atalaye Curlytail Lizard,CR(PE),2015,1966,REPTILES
Leiocephalus rhutidira,Lapierre Curlytail Lizard,CR(PE),2015,1978,REPTILES
Lepidoblepharis miyatai,,CR(PE),2013,1964,REPTILES
Liolaemus cranwelli,Cranwell's Tree Iguana,CR(PE),2014,1973,REPTILES
Mabuya hispaniolae,Hispaniolan Two-lined Skink,CR(PE),2015,1937,REPTILES
Mabuya mabouya,Greater Martinique Skink,CR(PE),2015,1889,REPTILES
Mabuya montserratae,Montserrat Skink,CR(PE),2015,1984,REPTILES
Mitophis leptepileptus,Haitian Border Threadsnake,CR(PE),2015,1984,REPTILES
Omoadiphas cannula,,CR(PE),2012,1989,REPTILES
Pseudoxyrhopus ankafinaensis,,CR(PE),2011,1881,REPTILES
Rhampholeon chapmanorum,Chapman's Pygmy Chameleon,CR(PE),2014,1998,REPTILES
Sphaerodactylus elasmorhynchus,Marche Leon Least Gecko,CR(PE),2015,1966,REPTILES
Sphaerodactylus lazelli,Cap-Haitien Least Gecko,CR(PE),2015,1960,REPTILES
Sphaerodactylus williamsi,Haitian Striped Sphaero,CR(PE),2015,before 1983,REPTILES
Spondylurus anegadeae,Anegada Skink,CR(PE),2015,1966,REPTILES
Spondylurus haitiae,Hispaniolan Four-lined Skink,CR(PE),2015,1857-1858,REPTILES
Spondylurus lineolatus,Hispaniolan Ten-lined Skink,CR(PE),2015,1985,REPTILES
Spondylurus magnacruzae,Greater Saint Croix Skink,CR(PE),2013,2000,REPTILES
Spondylurus martinae,Saint Martin Skink,CR(PE),2015,1965,REPTILES
Spondylurus monitae,Monito Skink,CR(PE),2013,1993,REPTILES
Spondylurus spilonotus,Greater Virgin Islands Skink,CR(PE),2013,1877,REPTILES
Stenocercus haenschi,Haensch's Whorltail Iguana,CR(PE),2009,1901,REPTILES
Trimetopon viquezi,Viquez's Tropical Ground Snake,CR(PE),2012,1927,REPTILES
Altiphrynoides osgoodi,Osgood's Ethiopian Toad,CR(PE),2012,2003,AMPHIBIANS
Andinobates abditus,Collins' Poison Frog,CR(PE),2004,?,AMPHIBIANS
Aquiloeurycea praecellens,Admirable False Brook Salamander,CR(PE),2009,24 December 1940,AMPHIBIANS
Aromobates nocturnus,Skunk Frog,CR(PE),2006,1991,AMPHIBIANS
Arthroleptides dutoiti,Du Toit's Torrent Frog,CR(PE),2004,1962,AMPHIBIANS
Arthroleptis kutogundua,Overlooked Squeaker Frog,CR(PE),2012,1930,AMPHIBIANS
Arthroleptis troglodytes,Cave Squeaker,CR(PE),2014,1962,AMPHIBIANS
Atelopus ardila,,CR(PE),2012,1989,AMPHIBIANS
Atelopus balios,Rio Pescado Stubfoot Toad,CR(PE),2004,1995,AMPHIBIANS
Atelopus carbonerensis,La Carbonera Stubfoot Toad,CR(PE),2004,1998,AMPHIBIANS
Atelopus chiriquiensis,Lewis' Stubfoot Toad,CR(PE),2008,Late 1990s,AMPHIBIANS
Atelopus chirripoensis,,CR(PE),2012,1980,AMPHIBIANS
Atelopus chrysocorallus,,CR(PE),2004,1988,AMPHIBIANS
Atelopus eusebiodiazi,,CR(PE),2010,1997,AMPHIBIANS
Atelopus famelicus,,CR(PE),2009,1993,AMPHIBIANS
Atelopus guanujo,,CR(PE),2004,1988,AMPHIBIANS
Atelopus halihelos,Morona-Santiago Stubfoot Toad,CR(PE),2006,1984,AMPHIBIANS
Atelopus lynchi,,CR(PE),2004,1984,AMPHIBIANS
Atelopus mindoensis,Mindo Stubfoot Toad,CR(PE),2004,1989,AMPHIBIANS
Atelopus muisca,La Arboleda Stubfoot Toad,CR(PE),2004,1996,AMPHIBIANS
Atelopus nanay,,CR(PE),2004,1989,AMPHIBIANS
Atelopus onorei,,CR(PE),2008,1990,AMPHIBIANS
Atelopus oxyrhynchus,Rednose Stubfoot Toad,CR(PE),2004,1994,AMPHIBIANS
Atelopus pachydermus,Schmidt's Stubfoot Toad,CR(PE),2008,1995,AMPHIBIANS
Atelopus pastuso,,CR(PE),2012,1993,AMPHIBIANS
Atelopus peruensis,Peru Stubfoot Toad,CR(PE),2006,?,AMPHIBIANS
Atelopus petersi,,CR(PE),2008,1996,AMPHIBIANS
Atelopus pinangoi,Pinango Stubfoot Toad,CR(PE),2004,1997,AMPHIBIANS
Atelopus planispina,Flat-spined Atelopus,CR(PE),2004,1985,AMPHIBIANS
Atelopus podocarpus,,CR(PE),2012,1994,AMPHIBIANS
Atelopus sernai,,CR(PE),2004,2000,AMPHIBIANS
Atelopus simulatus,,CR(PE),2014,2003,AMPHIBIANS
Atelopus sorianoi,Cloud Forest Stubfoot Toad,CR(PE),2004,1990,AMPHIBIANS
Bokermannohyla izecksohni,,CR(PE),2004,?,AMPHIBIANS
Bradytriton silus,Finca Chiblac Salamander,CR(PE),2008,1976,AMPHIBIANS
Bromeliohyla dendroscarta,Greater Bromeliad Treefrog,CR(PE),2004,1974,AMPHIBIANS
Centrolene heloderma,Pichincha Giant Glass Frog,CR(PE),2004,1996,AMPHIBIANS
Charadrahyla altipotens,Yellow-bellied Voiceless Treefrog,CR(PE),2004,1960s,AMPHIBIANS
Charadrahyla trux,Spine-fingered Treefrog,CR(PE),2004,?,AMPHIBIANS
Chiropterotriton magnipes,Big-footed Salamander,CR(PE),2008,?,AMPHIBIANS
Colostethus jacobuspetersi,,CR(PE),2004,1960s,AMPHIBIANS
Conraua derooi,Togo Slippery Frog,CR(PE),2004,?,AMPHIBIANS
Craugastor anciano,Corquin Robber Frog,CR(PE),2004,?,AMPHIBIANS
Craugastor angelicus,Angel Robber Frog,CR(PE),2008,1994,AMPHIBIANS
Craugastor coffeus,,CR(PE),2004,?,AMPHIBIANS
Craugastor cruzi,Cruz Robber Frog,CR(PE),2004,1988,AMPHIBIANS
Craugastor emleni,,CR(PE),2004,1985,AMPHIBIANS
Craugastor fecundus,,CR(PE),2004,?,AMPHIBIANS
Craugastor gulosus,,CR(PE),2013,1983,AMPHIBIANS
Craugastor obesus,,CR(PE),2013,1984,AMPHIBIANS
Craugastor olanchano,,CR(PE),2004,?,AMPHIBIANS
Craugastor omoaensis,,CR(PE),2004,?,AMPHIBIANS
Craugastor polymniae,Sierra Juarez Robber Frog,CR(PE),2004,1983,AMPHIBIANS
Craugastor stadelmani,,CR(PE),2004,1993,AMPHIBIANS
Craugastor trachydermus,,CR(PE),2004,?,AMPHIBIANS
Ecnomiohyla echinata,Oaxacan Fringe-limbed Treefrog,CR(PE),2004,1962,AMPHIBIANS
Eleutherodactylus eneidae,Villalba Robber Frog,CR(PE),2008,1990,AMPHIBIANS
Eleutherodactylus glanduliferoides,La Visite Robber Frog,CR(PE),2008,1985,AMPHIBIANS
Eleutherodactylus karlschmidti,Karl's Robber Frog,CR(PE),2008,1976 or 1988,AMPHIBIANS
Eleutherodactylus orcutti,Arntully Robber Frog,CR(PE),2008,mid-1980s,AMPHIBIANS
Eleutherodactylus schmidti,Schmidt's Robber Frog,CR(PE),2008,mid-1980s,AMPHIBIANS
Eleutherodactylus semipalmatus,Foothill Robber Frog,CR(PE),2008,1985,AMPHIBIANS
Gastrotheca lauzuricae,La Siberia Marsupial Frog,CR(PE),2004,1989,AMPHIBIANS
Holoaden bradei,Itatiaia Highland Frog,CR(PE),2004,1976,AMPHIBIANS
Hyla heinzsteinitzi,,CR(PE),2008,?,AMPHIBIANS
Hyla nicefori,,CR(PE),2004,?,AMPHIBIANS
Hyloscirtus chlorosteus,Parjacti Treefrog,CR(PE),2004,1970s,AMPHIBIANS
Hyloxalus edwardsi,Edwards' Rocket Frog,CR(PE),2004,1996,AMPHIBIANS
Hyloxalus ruizi,Ruiz's Rocket Frog,CR(PE),2004,?,AMPHIBIANS
Hypsiboas cymbalum,,CR(PE),2004,?,AMPHIBIANS
Incilius fastidiosus,Pico Blanco Toad,CR(PE),2008,?,AMPHIBIANS
Isthmohyla debilis,Isla Bonita Treefrog,CR(PE),2008,1998,AMPHIBIANS
Isthmura naucampatepetl,Cofre de Perote Salamander,CR(PE),2008,1981,AMPHIBIANS
Lithobates omiltemanus,Guerreran Leopard Frog,CR(PE),2004,1978,AMPHIBIANS
Lithobates pueblae,,CR(PE),2004,?,AMPHIBIANS
Lithobates tlaloci,Tlaloc's Leopard Frog,CR(PE),2004,1985,AMPHIBIANS
Litoria castanea,Yellow-spotted Tree Frog,CR(PE),2004,1980,AMPHIBIANS
Litoria piperata,Peppered Tree Frog,CR(PE),2004,1973,AMPHIBIANS
Mannophryne neblina,,CR(PE),2004,?,AMPHIBIANS
Melanophryniscus peritus,,CR(PE),2013,1953,AMPHIBIANS
Nectophrynoides poyntoni,Poynton's Forest Toad,CR(PE),2014,2003,AMPHIBIANS
Oedipina paucidentata,El Empalme Worm Salamander,CR(PE),2008,1952,AMPHIBIANS
Oreobates zongoensis,,CR(PE),2004,1996,AMPHIBIANS
Parhoplophryne usambarica,Amani Forest Frog,CR(PE),2012,1920s,AMPHIBIANS
Peltophryne fluviatica,Hispaniolan Crestless Toad,CR(PE),2004,?,AMPHIBIANS
Philautus jacobsoni,,CR(PE),2004,?,AMPHIBIANS
Plectrohyla calvicollina,Cerro Pelón Treefrog,CR(PE),2004,1984,AMPHIBIANS
Plectrohyla celata,Oaxaca Treefrog,CR(PE),2004,1984,AMPHIBIANS
Plectrohyla cembra,,CR(PE),2006,1993,AMPHIBIANS
Plectrohyla cyanomma,Blue-eyed Aquatic Treefrog,CR(PE),2009,1980,AMPHIBIANS
Plectrohyla ephemera,,CR(PE),2006,?,AMPHIBIANS
Plectrohyla hazelae,Hazel's Treefrog,CR(PE),2004,1984,AMPHIBIANS
Plectrohyla siopela,Voiceless Treefrog,CR(PE),2009,?,AMPHIBIANS
Plectrohyla thorectes,Adler's Mottled Treefrog,CR(PE),2004,1984,AMPHIBIANS
Pristimantis bernali,Argelia Robber Frog,CR(PE),2004,1981,AMPHIBIANS
Proceratophrys moratoi,Botucatu Escuerzo,CR(PE),2004,1990,AMPHIBIANS
Prostherapis dunni,,CR(PE),2006,?,AMPHIBIANS
Pseudoeurycea ahuitzotl,,CR(PE),2008,1960s,AMPHIBIANS
Pseudoeurycea anitae,,CR(PE),2008,9 August 1976,AMPHIBIANS
Pseudoeurycea aquatica,Aquatic Salamander,CR(PE),2008,1978,AMPHIBIANS
Pseudoeurycea tlahcuiloh,,CR(PE),2008,1960s,AMPHIBIANS
Pseudoeurycea unguidentis,,CR(PE),2009,1976,AMPHIBIANS
Rhaebo colomai,Carchi Andes Toad,CR(PE),2004,?,AMPHIBIANS
Rhinella rostrata,,CR(PE),2004,1914,AMPHIBIANS
Rhinoderma rufum,,CR(PE),2008,1981,AMPHIBIANS
Scutiger maculatus,Piebald Alpine Toad,CR(PE),2004,1970s,AMPHIBIANS
Telmatobius cirrhacelis,Loja Water Frog,CR(PE),2008,1981,AMPHIBIANS
Telmatobius niger,Black Water Frog,CR(PE),2008,1994,AMPHIBIANS
Telmatobius pefauri,Arico Water Frog,CR(PE),2015,1976,AMPHIBIANS
Telmatobius vellardi,Vellard's Water Frog,CR(PE),2008,1987,AMPHIBIANS
Thorius infernalis,Atoyac Minute Salamander,CR(PE),2008,1980s,AMPHIBIANS
Thorius munificus,,CR(PE),2008,1997,AMPHIBIANS
Vandijkophrynus amatolicus,Amatola Toad,CR(PE),2010,Before 1998,AMPHIBIANS
Acanthobrama centisquama,Long-spine Bream,CR(PE),2013,early 20th century,FISHES
Acanthobrama tricolor,Damascus Bream,CR(PE),2013,1980s,FISHES
Acipenser dabryanus,Yangtze Sturgeon,CR(PE),2009,?,FISHES
Acipenser naccarii,Adriatic Sturgeon,CR(PE),2009,?,FISHES
Alosa vistonica,,CR(PE),2006,?,FISHES
Anabarilius qiluensis,,CR(PE),2011,Early 1980s,FISHES
Anabarilius yangzonensis,,CR(PE),2011,?,FISHES
Aphyolebias claudiae,,CR(PE),2014,2003,FISHES
Azurina eupalama,Galápagos Damsel,CR(PE),2008,1980s,FISHES
Balantiocheilos ambusticauda,Siamese Bala-shak,CR(PE),2011,1974,FISHES
Caecocypris basimi,Haditha Cavefish,CR(PE),2013,1983,FISHES
Carcharhinus hemiodon,Pondicherry Shark,CR(PE),2003,1979,FISHES
Cobitis kellei,Diyarbakir Spined Loach,CR(PE),2013,1974,FISHES
Coregonus hoferi,,CR(PE),2008,1980s,FISHES
Coregonus reighardi,Shortnose Cisco,CR(PE),1996,1985,FISHES
Cyprinus barbatus,,CR(PE),2011,1982,FISHES
Cyprinus ilishaestomus,,CR(PE),2009,Late 1970s,FISHES
Cyprinus micristius,Dianchi Carp,CR(PE),2008,1980s,FISHES
Cyprinus qionghaiensis,,CR(PE),2007,?,FISHES
Cyprinus yunnanensis,,CR(PE),2009,Late 1970s,FISHES
Fundulopanchax powelli,,CR(PE),2006,?,FISHES
Haplochromis aelocephalus,,CR(PE),2010,1985,FISHES
Haplochromis antleter,,CR(PE),2010,1982,FISHES
Haplochromis apogonoides,,CR(PE),2010,1983,FISHES
Haplochromis argenteus,,CR(PE),2010,1983,FISHES
Haplochromis barbarae,,CR(PE),2010,1985,FISHES
Haplochromis bareli,,CR(PE),2010,1985,FISHES
Haplochromis brownae,,CR(PE),2010,1980,FISHES
Haplochromis cassius,,CR(PE),2010,1986,FISHES
Haplochromis cinctus,,CR(PE),2010,1982,FISHES
Haplochromis cnester,,CR(PE),2010,1983,FISHES
Haplochromis coprologus,,CR(PE),2010,1982,FISHES
Haplochromis crassilabris,,CR(PE),2010,1980,FISHES
Haplochromis crocopeplus,,CR(PE),2010,1985,FISHES
Haplochromis dentex,,CR(PE),2010,1987,FISHES
Haplochromis dichrourus,,CR(PE),2010,1986,FISHES
Haplochromis flavipinnis,,CR(PE),2010,1984,FISHES
Haplochromis granti,,CR(PE),2010,1986,FISHES
Haplochromis guiarti,,CR(PE),2010,1985,FISHES
Haplochromis heusinkveldi,,CR(PE),2010,1985,FISHES
Haplochromis hiatus,,CR(PE),2010,1980,FISHES
Haplochromis iris,,CR(PE),2010,1980,FISHES
Haplochromis ishmaeli,,CR(PE),2010,1991,FISHES
Haplochromis katunzii,,CR(PE),2010,1982,FISHES
Haplochromis longirostris,,CR(PE),2010,1985,FISHES
Haplochromis macrognathus,,CR(PE),2010,1985,FISHES
Haplochromis martini,,CR(PE),2010,1985,FISHES
Haplochromis michaeli,,CR(PE),2010,1985,FISHES
Haplochromis microdon,,CR(PE),2010,1985,FISHES
Haplochromis mylergates,,CR(PE),2010,1983,FISHES
Haplochromis nanoserranus,,CR(PE),2010,1986,FISHES
Haplochromis pancitrinus,,CR(PE),2010,1986,FISHES
Haplochromis parvidens,,CR(PE),2010,1995,FISHES
Haplochromis percoides,,CR(PE),2010,1986,FISHES
Haplochromis perrieri,,CR(PE),2010,1986,FISHES
Haplochromis plutonius,,CR(PE),2010,1980,FISHES
Haplochromis ptistes,,CR(PE),2010,1984,FISHES
Haplochromis pyrrhopteryx,,CR(PE),2010,1983,FISHES
Haplochromis sphex,,CR(PE),2010,1986,FISHES
Haplochromis sulphureus,,CR(PE),2010,1985,FISHES
Haplochromis teegelaari,,CR(PE),2010,1986,FISHES
Haplochromis theliodon,,CR(PE),2010,1993,FISHES
Haplochromis ushindi,,CR(PE),2010,1980,FISHES
Haplochromis victorianus,,CR(PE),2010,1985,FISHES
Haplochromis vonlinnei,,CR(PE),2010,1980,FISHES
Haplochromis xenostoma,,CR(PE),2010,1983,FISHES
Hemibagrus punctatus,Nilgiri Mystus,CR(PE),2010,Late 1990s,FISHES
Hypselobarbus pulchellus,,CR(PE),2011,1870,FISHES
Knipowitschia cameliae,Danube Delta Dwarf Goby,CR(PE),2008,1994,FISHES
Neolissochilus bovanicus,Bovany Barb,CR(PE),2010,1998,FISHES
Pantanodon sp. nov. 'Manombo',,CR(PE),2004,1997,FISHES
Parapsilorhynchus prateri,Deolali Minnow,CR(PE),2010,1937,FISHES
Paraschistura chrysicristinae,Diyarbakır Loach,CR(PE),2014,1970s,FISHES
Poropuntius chonglingchungi,,CR(PE),2011,1980s,FISHES
Psephurus gladius,Chinese Paddlefish,CR(PE),2009,2003,FISHES
Pseudophoxinus sojuchbulagi,Akstafa Spring Roach,CR(PE),2014,1948,FISHES
Pseudophoxinus syriacus,Barada Spring Minnow,CR(PE),2013,2008,FISHES
Pseudoscaphirhynchus fedtschenkoi,Syr-darya Shovelnose Sturgeon,CR(PE),2009,1960s,FISHES
Ptychochromoides betsileanus,Trondo Mainty,CR(PE),2016,1994,FISHES
Puntius deccanensis,Deccan Barb,CR(PE),2010,?,FISHES
Rhizosomichthys totae,Pez Graso,CR(PE),2014,1958,FISHES
Schistura nasifilis,,CR(PE),2010,1936,FISHES
Schistura tenura,,CR(PE),2011,1998,FISHES
Sciaena callaensis,,CR(PE),2009,1966,FISHES
Stiphodon discotorquatus,,CR(PE),2011,1985,FISHES
Systomus compressiformis,,CR(PE),2011,1994,FISHES
Urolophus javanicus,Java Stingaree,CR(PE),2006,mid-19th century,FISHES
Xenoclarias eupogon,Lake Victoria Deepwater Catfish,CR(PE),2006,1987,FISHES
Afrogarypus seychellesensis,,CR(PE),2012,1940,SPIDERS
Biantes parvulus,,CR(PE),2012,1972,SPIDERS
Euso muehlenbergi,,CR(PE),2012,1975,SPIDERS
Gamasomorpha austera,,CR(PE),2012,1892,SPIDERS
Holozoster ovalis,,CR(PE),2012,1972,SPIDERS
Ibalonius lomani,,CR(PE),2012,1972,SPIDERS
Idioctis intertidalis,,CR(PE),2012,1972,SPIDERS
Mitraceras crassipalpum,,CR(PE),2012,1972,SPIDERS
Moneta coercervea,,CR(PE),2012,1972,SPIDERS
Nesiergus gardineri,,CR(PE),2012,1974,SPIDERS
Nesiergus halophilus,,CR(PE),2012,1972,SPIDERS
Paccius quadridentatus,,CR(PE),2012,1892,SPIDERS
Seychellia lodoiceae,,CR(PE),2012,1972,SPIDERS
Sitalcicus incertus,,CR(PE),2012,1972,SPIDERS
Steriphopus lacertosus,,CR(PE),2012,1892,SPIDERS
Voraptus tenellus,,CR(PE),2012,1972,SPIDERS
Mecistocephalus cyclops,,CR(PE),2012,1892,CENTIPEDES
Mecistocephalus sechellarum,,CR(PE),2012,1972,CENTIPEDES
Diglossosternoides curiosus,,CR(PE),2012,1984,MILLIPEDES
Rhinotus albifrons,,CR(PE),2012,1972,MILLIPEDES
Spirobolellus simplex,,CR(PE),2012,1951,MILLIPEDES
Acanthothericles bicoloripes,Morogoro Pretty Grasshopper,CR(PE),2014,1939,INSECTS
Allaga ambigua,Zanzibar Giant Forest Grasshopper,CR(PE),2013,1898,INSECTS
Ameles fasciipennis,Spined Dwarf Mantis,CR(PE),2014,Probably about 1871,INSECTS
Andrena labiatula,,CR(PE),2013,1963,INSECTS
Anischnansis burtti,Usambara Splendid Grasshopper,CR(PE),2013,1966,INSECTS
Anisogomphus solitaris,,CR(PE),2006,1970s,INSECTS
Anonconotus apenninigenus,Southern Alpine Bush-cricket,CR(PE),2015,1881,INSECTS
Balta crassivenosa,,CR(PE),2007,1908,INSECTS
Bombus rubriventris,,CR(PE),2012,1835,INSECTS
Chlorocypha jejuna,Togo Jewel,CR(PE),2006,1890s,INSECTS
Chromomastax movogovodia,Morogoro Monkey Grasshopper,CR(PE),2014,1934,INSECTS
Chromousambilla burtti,Mpwapwa Silent Grasshopper,CR(PE),2014,1947,INSECTS
Disparoneura ramajana,,CR(PE),2006,1970s,INSECTS
Drepanosticta adami,,CR(PE),2006,1930s,INSECTS
Drepanosticta austeni,,CR(PE),2006,1940s,INSECTS
Drepanosticta montana,,CR(PE),2006,1930s,INSECTS
Drepanosticta submontana,,CR(PE),2006,1930s,INSECTS
Enallagma maldivensis,,CR(PE),2007,1902 or earlier,INSECTS
Ephippiger camillae,Camilla's Saddle Bush-cricket,CR(PE),2015,1880,INSECTS
Eupropacris abbreviata,Kilosa Noble Grasshopper,CR(PE),2013,1926,INSECTS
Euschmidtia bidens,Mlingano Monkey Grasshopper,CR(PE),2014,1953,INSECTS
Euschmidtia burtti,Burtt's Monkey Grasshopper,CR(PE),2014,1954,INSECTS
Euschmidtia dirshi,Dirsh's Monkey Grasshopper,CR(PE),2014,1954,INSECTS
Euschmidtia phippsi,Phipps' Monkey Grasshopper,CR(PE),2014,1952,INSECTS
Euschmidtia viridifasciata,Dar-es-Salaam Monkey Grasshopper,CR(PE),2014,1964,INSECTS
Evergoderes cabrerai,Gran Canaria Bush-cricket,CR(PE),2012,1966,INSECTS
Heliogomphus lyratus,,CR(PE),2006,1930s,INSECTS
Heliogomphus nietneri,,CR(PE),2006,1870s,INSECTS
Heteragrion peregrinum,,CR(PE),2014,1917,INSECTS
Holocompsa pusilla,,CR(PE),2007,1908,INSECTS
Isophya boldyrevi,Boldyrev's Plump Bush-cricket,CR(PE),2015,1915,INSECTS
Italopodisma baccettii,Baccetti's Apennine Grasshopper,CR(PE),2015,1996,INSECTS
Macromia flinti,,CR(PE),2006,1970s,INSECTS
Megachile cypricola,,CR(PE),2014,1950,INSECTS
Megalagrion molokaiense,Molokai Damselfly,CR(PE),2006,1940s,INSECTS
Metaleptobasis gibbosa,,CR(PE),2014,2005,INSECTS
Nomada siciliensis,,CR(PE),2014,1885,INSECTS
Orthetrum rubens,Elusive Skimmer,CR(PE),2011,1977,INSECTS
Palaemnema edmondi,,CR(PE),2014,1917,INSECTS
Peringueyella zulu,Zulu Ambush Katydid,CR(PE),2014,1922,INSECTS
Perissolestes remus,,CR(PE),2014,1941,INSECTS
Pieris wollastoni,Madeiran Large White,CR(PE),2009,1970s,INSECTS
Procytettix fusiformis,Seychelles Shortwinged Groundhopper,CR(PE),2007,1909,INSECTS
Rhacocleis trilobata,Three-lobed Bush-cricket,CR(PE),2015,1973,INSECTS
Sliferia similis,,CR(PE),2007,1908,INSECTS
Theganopteryx grisea,,CR(PE),2007,1909,INSECTS
Theganopteryx liturata,,CR(PE),2007,1908,INSECTS
Theganopteryx scotti,,CR(PE),2007,1908,INSECTS
Thoracistus peringueyi,Peringuey's Seedpod Shieldback,CR(PE),2014,1879,INSECTS
Uromenus riggioi,Riggio's Saddle Bush-cricket,CR(PE),2015,1970,INSECTS
Atya brachyrhinus,,CR(PE),2012,1972,CRUSTACEANS
Cambarellus areolatus,,CR(PE),2010,?,CRUSTACEANS
Cambarus veitchorum,White Spring Cave Crayfish,CR(PE),2010,1968,CRUSTACEANS
Caridina apodosis,,CR(PE),2011,1944,CRUSTACEANS
Caridina yilong,,CR(PE),2012,1983,CRUSTACEANS
Cryphiops luscus,,CR(PE),2012,1986,CRUSTACEANS
Macrobrachium denticulatum,,CR(PE),2012,1995,CRUSTACEANS
Macrobrachium oxyphilus,,CR(PE),2011,before 2003,CRUSTACEANS
Macrobrachium purpureamanus,,CR(PE),2012,before 1998,CRUSTACEANS
Macrobrachium scorteccii,,CR(PE),2012,1957,CRUSTACEANS
Palaemonetes cummingi,Florida Cave Shrimp,CR(PE),2012,1973,CRUSTACEANS
Perbrinckia gabadagei,,CR(PE),2008,1996,CRUSTACEANS
Procambarus delicatus,Big-cheeked Cave Crayfish,CR(PE),2010,1976,CRUSTACEANS
Procambarus paradoxus,,CR(PE),2010,1900s,CRUSTACEANS
Sinodina acutipoda,,CR(PE),2012,?,CRUSTACEANS
Strengeriana antioquensis,,CR(PE),2008,?,CRUSTACEANS
Tehuana veracruzana,,CR(PE),2008,?,CRUSTACEANS
Rhizopsammia wellingtoni,Wellington's Solitary Coral,CR(PE),2007,2000,CORALS
Millepora boschmai,,CR(PE),2008,early 1990s,CORALS
Aspatharia divaricata,,CR(PE),2016,1898,MOLLUSCS (Bivalves)
Coelatura rothschildi,,CR(PE),2016,1980s,MOLLUSCS (Bivalves)
Cuneopsis demangei,,CR(PE),2010,1929,MOLLUSCS (Bivalves)
Dreissena caspia,,CR(PE),2011,1980,MOLLUSCS (Bivalves)
Epioblasma othcaloogensis,Southern Acron Riffle Shell,CR(PE),2012,1974,MOLLUSCS (Bivalves)
Eupera crassa,,CR(PE),2016,1954,MOLLUSCS (Bivalves)
Lamprotula crassa,,CR(PE),2010,1990s,MOLLUSCS (Bivalves)
Lamprotula liedtkei,,CR(PE),2010,?,MOLLUSCS (Bivalves)
Lamprotula nodulosa,,CR(PE),2010,?,MOLLUSCS (Bivalves)
Obovaria haddletoni,Haddleton Lampmussel,CR(PE),2012,about 1970,MOLLUSCS (Bivalves)
Pisidium betafoense,,CR(PE),2016,1949,MOLLUSCS (Bivalves)
Pleurobema curtum,Black Clubshell,CR(PE),2012,1990s,MOLLUSCS (Bivalves)
Aaadonta angaurana,,CR(PE),2011,1936,MOLLUSCS (Gastropods)
Aaadonta kinlochi,,CR(PE),2011,2003 (dead),MOLLUSCS (Gastropods)
Aaadonta pelewana,,CR(PE),2011,?,MOLLUSCS (Gastropods)
Alzoniella galaica,,CR(PE),2009,?,MOLLUSCS (Gastropods)
Beddomeia tumida,,CR(PE),2011,before 1889,MOLLUSCS (Gastropods)
Belgrandia moitessieri,,CR(PE),2009,?,MOLLUSCS (Gastropods)
Belgrandia varica,,CR(PE),2009,1870,MOLLUSCS (Gastropods)
Belgrandiella boetersi,,CR(PE),2010,?,MOLLUSCS (Gastropods)
Belgrandiella cavernica,,CR(PE),2013,1957,MOLLUSCS (Gastropods)
Belgrandiella kreisslorum,,CR(PE),2010,1981,MOLLUSCS (Gastropods)
Belgrandiella multiformis,,CR(PE),2009,?,MOLLUSCS (Gastropods)
Bellamya phthinotropis,,CR(PE),2015,1954,MOLLUSCS (Gastropods)
Bulimulus achatellinus,,CR(PE),2003,1980s,MOLLUSCS (Gastropods)
Bulimulus adelphus,,CR(PE),2003,?,MOLLUSCS (Gastropods)
Bulimulus deridderi,,CR(PE),2003,?,MOLLUSCS (Gastropods)
Bulimulus duncanus,,CR(PE),2003,before 1893,MOLLUSCS (Gastropods)
Bulimulus eos,,CR(PE),2003,?,MOLLUSCS (Gastropods)
Bulimulus lycodus,,CR(PE),2003,?,MOLLUSCS (Gastropods)
Bulimulus saeronius,,CR(PE),2003,?,MOLLUSCS (Gastropods)
Bulimulus sp. nov. 'josevillani',,CR(PE),2003,?,MOLLUSCS (Gastropods)
Bulimulus sp. nov. 'krameri',,CR(PE),2003,?,MOLLUSCS (Gastropods)
Bulimulus sp. nov. 'nilsodhneri',,CR(PE),2003,?,MOLLUSCS (Gastropods)
Bulimulus sp. nov. 'tuideroyi',,CR(PE),2003,?,MOLLUSCS (Gastropods)
Bulimulus sp. nov. 'vanmoli',,CR(PE),2003,?,MOLLUSCS (Gastropods)
Bulimulus tanneri,,CR(PE),2003,?,MOLLUSCS (Gastropods)
Bythinella eutrepha,,CR(PE),2009,?,MOLLUSCS (Gastropods)
Bythiospeum dubium,,CR(PE),2008,?,MOLLUSCS (Gastropods)
Bythiospeum gonostoma,,CR(PE),2010,?,MOLLUSCS (Gastropods)
Bythiospeum putei,,CR(PE),2010,1961,MOLLUSCS (Gastropods)
Bythiospeum turritum,,CR(PE),2011,?,MOLLUSCS (Gastropods)
Ceratophallus concavus,,CR(PE),2016,1953,MOLLUSCS (Gastropods)
Ceratophallus subtilis,,CR(PE),2016,1951,MOLLUSCS (Gastropods)
Coneuplecta turrita,,CR(PE),2011,1936,MOLLUSCS (Gastropods)
Conturbatia crenata,,CR(PE),2006,2000,MOLLUSCS (Gastropods)
Delos gardineri,,CR(PE),2011,1890s,MOLLUSCS (Gastropods)
Dianella schlickumi,,CR(PE),2009,1980s,MOLLUSCS (Gastropods)
Diplommatina alata,,CR(PE),2011,1936,MOLLUSCS (Gastropods)
Diplommatina aurea,,CR(PE),2011,1936,MOLLUSCS (Gastropods)
Diplommatina gibboni,,CR(PE),2011,1936,MOLLUSCS (Gastropods)
Discula lyelliana,,CR(PE),2010,1870s,MOLLUSCS (Gastropods)
Discula tetrica,,CR(PE),2010,?,MOLLUSCS (Gastropods)
Elimia troostiana,,CR(PE),2011,1980s,MOLLUSCS (Gastropods)
Endodonta apiculata,,CR(PE),2000,1930s,MOLLUSCS (Gastropods)
Eua globosa,,CR(PE),2011,1970,MOLLUSCS (Gastropods)
Falsipyrgula beysehirana,,CR(PE),2013,1990s,MOLLUSCS (Gastropods)
Gabbiella barthi,,CR(PE),2015,1980,MOLLUSCS (Gastropods)
Gabbiella matadina,,CR(PE),2008,?,MOLLUSCS (Gastropods)
Geomitra delphinuloides,,CR(PE),2010,1870s,MOLLUSCS (Gastropods)
Geomitra grabhami,,CR(PE),2010,1980s,MOLLUSCS (Gastropods)
Graecoanatolica brevis,,CR(PE),2013,before 1973,MOLLUSCS (Gastropods)
Graecoanatolica conica,,CR(PE),2013,1973,MOLLUSCS (Gastropods)
Hemicycla modesta,,CR(PE),2011,?,MOLLUSCS (Gastropods)
Henrigirardia wienini,,CR(PE),2009,before 2001,MOLLUSCS (Gastropods)
Hydrobia anatolica,,CR(PE),2013,before 1994,MOLLUSCS (Gastropods)
Iglica gratulabunda,,CR(PE),2009,1992,MOLLUSCS (Gastropods)
Islamia bendidis,,CR(PE),2010,?,MOLLUSCS (Gastropods)
Islamia graeca,,CR(PE),2009,before 2000,MOLLUSCS (Gastropods)
Islamia hadei,,CR(PE),2009,?,MOLLUSCS (Gastropods)
Islamia pseudorientalica,,CR(PE),2009,before 1973,MOLLUSCS (Gastropods)
Islamia zermanica,,CR(PE),2009,?,MOLLUSCS (Gastropods)
Kirelia carinata,,CR(PE),2013,1970s,MOLLUSCS (Gastropods)
Kubaryia pilikia,,CR(PE),2011,2003 (dead),MOLLUSCS (Gastropods)
Lantzia carinata,,CR(PE),2016,1992,MOLLUSCS (Gastropods)
Lauopa mbalavuana,,CR(PE),2011,1860s,MOLLUSCS (Gastropods)
Leiostyla abbreviata,,CR(PE),2010,1870s,MOLLUSCS (Gastropods)
Leiostyla cassida,,CR(PE),2010,1870s,MOLLUSCS (Gastropods)
Leiostyla gibba,,CR(PE),2010,1878 (dead),MOLLUSCS (Gastropods)
Leiostyla simulator,,CR(PE),2010,?,MOLLUSCS (Gastropods)
Madgeaconcha sevathiani,,CR(PE),2013,before 2004,MOLLUSCS (Gastropods)
Margarya yangtsunghaiensis,,CR(PE),2008,1949,MOLLUSCS (Gastropods)
Marstonia ozarkensis,,CR(PE),2012,1997,MOLLUSCS (Gastropods)
Melanoides agglutinans,,CR(PE),2008,1941,MOLLUSCS (Gastropods)
Melanopsis germaini,,CR(PE),2014,1955,MOLLUSCS (Gastropods)
Melanopsis infracincta,,CR(PE),2014,1940s,MOLLUSCS (Gastropods)
Melanopsis khabourensis,,CR(PE),2013,1939,MOLLUSCS (Gastropods)
Melanopsis pachya,,CR(PE),2013,1930s,MOLLUSCS (Gastropods)
Mercuria punica,,CR(PE),2007,?,MOLLUSCS (Gastropods)
Monilearia pulverulenta,,CR(PE),2011,?,MOLLUSCS (Gastropods)
Montserratina becasis,,CR(PE),2011,1890s,MOLLUSCS (Gastropods)
Neritina tiassalensis,,CR(PE),2006,before 1980s,MOLLUSCS (Gastropods)
Ohridohauffenia minuta,,CR(PE),2009,?,MOLLUSCS (Gastropods)
Omphalotropis ingens,,CR(PE),2011,1850s,MOLLUSCS (Gastropods)
Opisthostoma decrespignyi,,CR(PE),2004,before 1960s,MOLLUSCS (Gastropods)
Opisthostoma otostoma,,CR(PE),2004,before 1960s,MOLLUSCS (Gastropods)
Paladilhiopsis janinensis,,CR(PE),2009,1980s,MOLLUSCS (Gastropods)
Palaina albata,,CR(PE),2011,1936,MOLLUSCS (Gastropods)
Palaina patula,,CR(PE),2011,1936,MOLLUSCS (Gastropods)
Palaina platycheilus,,CR(PE),2011,1936,MOLLUSCS (Gastropods)
Palaina pupa,,CR(PE),2011,1936,MOLLUSCS (Gastropods)
Palaopartula leucothoe,,CR(PE),2011,1936,MOLLUSCS (Gastropods)
Partula guamensis,,CR(PE),2011,1936,MOLLUSCS (Gastropods)
Placostylus koroensis,,CR(PE),2011,1980,MOLLUSCS (Gastropods)
Plectostoma charasense,,CR(PE),2014,2007,MOLLUSCS (Gastropods)
Plectostoma dindingensis,,CR(PE),2014,1997,MOLLUSCS (Gastropods)
Plectostoma turriforme,,CR(PE),2014,1997,MOLLUSCS (Gastropods)
Potamopyrgus acus,,CR(PE),2011,1981,MOLLUSCS (Gastropods)
Pseudogibbula cara,,CR(PE),2008,1920s,MOLLUSCS (Gastropods)
Samoana cramptoni,,CR(PE),2011,1933,MOLLUSCS (Gastropods)
Sardohoratia sulcata,,CR(PE),2009,1995,MOLLUSCS (Gastropods)
Soapitia dageti,,CR(PE),2006,before 1961,MOLLUSCS (Gastropods)
Somatogyrus crassus,Stocky Pebblesnail,CR(PE),2000,?,MOLLUSCS (Gastropods)
Somatogyrus currierianus,,CR(PE),2000,?,MOLLUSCS (Gastropods)
Somatogyrus hendersoni,,CR(PE),2000,?,MOLLUSCS (Gastropods)
Somatogyrus humerosus,,CR(PE),2000,?,MOLLUSCS (Gastropods)
Somatogyrus nanus,,CR(PE),2000,?,MOLLUSCS (Gastropods)
Spiralix corsica,,CR(PE),2009,1990s,MOLLUSCS (Gastropods)
Stagnicola utahensis,Thickshell Pondsnail,CR(PE),2012,1934,MOLLUSCS (Gastropods)
Succinea rotumana,,CR(PE),2011,1938,MOLLUSCS (Gastropods)
Tanousia zrmanjae,,CR(PE),2009,?,MOLLUSCS (Gastropods)
Tryonia brunei,Brune Spring Snail,CR(PE),2012,1993,MOLLUSCS (Gastropods)
Valvatorbis mauritii,,CR(PE),2008,?,MOLLUSCS (Gastropods)
Zaumia sanctizaumi,,CR(PE),2009,?,MOLLUSCS (Gastropods)
Zingis radiolata,,CR(PE),2004,?,MOLLUSCS (Gastropods)
Prosadenoporus agricola,,CR(PE),2013,1966,WORMS
Ceratophysella sp. nov. 'HC',,CR(PE),2016,2006,WINGLESS ARTHOPODS
Delamarephorura tami,,CR(PE),2016,2004,WINGLESS ARTHOPODS
Adenophorus periens,,CR(PE),2015,2014,PLANTS
Aechmea cymosopaniculata,,CR(PE),2008,1856,PLANTS
Aeranthes albidiflora,,CR(PE),2015,1959,PLANTS
Aeschynomene ruspoliana,,CR(PE),2009,1893,PLANTS
Aetheolaena hypoleuca,,CR(PE),2003,1851,PLANTS
Aetheolaena ledifolia,,CR(PE),2003,Early 19th century,PLANTS
Aetheolaena pichinchensis,,CR(PE),2003,1864,PLANTS
Agelanthus rondensis,,CR(PE),2012,1903,PLANTS
Albuca nana,,CR(PE),2012,1911,PLANTS
Alnus henryi,,CR(PE),2014,1916,PLANTS
Amsinckia marginata,,CR(PE),2003,Early 20th century,PLANTS
Andropogon benthamianus,,CR(PE),2004,1841-1843,PLANTS
Angraecum mahavavense,,CR(PE),2015,1932,PLANTS
Angraecum muscicolum,,CR(PE),2015,1925,PLANTS
Angraecum perhumile,,CR(PE),2015,1925,PLANTS
Angraecum potamophilum,,CR(PE),2015,1898,PLANTS
Angraecum rigidifolium,,CR(PE),2015,1925,PLANTS
Angraecum rubellum,,CR(PE),2015,1963,PLANTS
Angraecum serpens,,CR(PE),2015,1942,PLANTS
Angraecum sterrophyllum,,CR(PE),2015,1913,PLANTS
Anisopappus burundiensis,,CR(PE),2013,1967,PLANTS
Artemisia kauaiensis,,CR(PE),2016,2006,PLANTS
Aspidostemon inconspicuus,Longotra,CR(PE),2015,1955,PLANTS
Aster quitensis,,CR(PE),2003,1820s,PLANTS
Athanasia imbricata,,CR(PE),2012,1865,PLANTS
Baccharis fusca,,CR(PE),2003,1850s,PLANTS
Benthamia nigro-vaginata,,CR(PE),2015,1926,PLANTS
Betula gynoterminalis,,CR(PE),2014,1956,PLANTS
Blotiella coriacea,,CR(PE),2013,1971,PLANTS
Brighamia insignis,olulu,CR(PEW),2016,2014,PLANTS
Bulbophyllum erythroglossum,,CR(PE),2015,1964,PLANTS
Bulbophyllum hirsutiusculum,,CR(PE),2015,1928,PLANTS
Bulbophyllum minax,,CR(PE),2015,1919,PLANTS
Bulbophyllum sanguineum,,CR(PE),2015,1925,PLANTS
Bulbophyllum tampoketsense,,CR(PE),2015,1923,PLANTS
Bulbophyllum zaratananae,,CR(PE),2008,1924,PLANTS
Callerya neocaledonica,,CR(PE),2007,1992,PLANTS
Canavalia veillonii,,CR(PE),2007,1990,PLANTS
Centropogon brachysiphoniatus,,CR(PE),2003,Before 1935,PLANTS
Cereus estevesii,,CR(PEW),2010,2002,PLANTS
Clitoria andrei,,CR(PE),2004,1876,PLANTS
Costus vinosus,,CR(PEW),2014,2004,PLANTS
Cotula myriophylloides,,CR(PE),2005,1971,PLANTS
Ctenitis pallatangana,,CR(PE),2003,?,PLANTS
Cyanea kolekoleensis,,CR(PE),2015,1998,PLANTS
Cyanea kuhihewa,Haha,CR(PEW),2016,2003,PLANTS
Cycas fugax,,CR(PE),2009,2004,PLANTS
Cynorkis bimaculata,,CR(PE),2015,1961,PLANTS
Cynorkis catatii,,CR(PE),2015,1889,PLANTS
Cynorkis rolfei,,CR(PE),2015,1903,PLANTS
Cynorkis sylvatica,,CR(PE),2015,1951,PLANTS
Cynorkis usambarae,,CR(PE),2013,1893,PLANTS
Cyperus chionocephalus,,CR(PE),2009,1839,PLANTS
Cyperus multifolius,,CR(PE),2004,Early 1800s,PLANTS
Cyrtandra crenata,,CR(PE),2016,1947,PLANTS
Dalea sabinalis,Sabinal Prairie-clover,CR(PE),2010,1950-1960,PLANTS
Delissea rhytidosperma,,CR(PEW),2015,2002,PLANTS
Delissea takeuchii,,CR(PE),2015,1987,PLANTS
Delonix tomentosa,,CR(PE),2011,1901,PLANTS
Devillea flagelliformis,,CR(PE),2008,1840s,PLANTS
Diaphananthe orientalis,,CR(PE),2013,1933,PLANTS
Dicoma pretoriensis,,CR(PE),2003,1925,PLANTS
Diospyros katendei,,CR(PE),2013,?,PLANTS
Diplazium ulugurense,,CR(PE),2013,1970,PLANTS
Dipterocarpus grandiflorus,,CR(PE),1998,?,PLANTS
Discocactus subterraneo-proliferans,,CR(PEW),2010,1984,PLANTS
Disperis bosseri,,CR(PE),2015,1957,PLANTS
Disperis egregia,,CR(PE),2013,1944,PLANTS
Dorstenia bicaudata,,CR(PE),2012,1950,PLANTS
Dubautia kenwoodii,Na'ena'e,CR(PE),2016,1991,PLANTS
Dypsis brittiana,,CR(PE),2010,2005,PLANTS
Egletes humifusa,,CR(PE),2003,1836,PLANTS
Elaphandra retroflexa,,CR(PE),2003,1920s,PLANTS
Elaphoglossum gracilipes,,CR(PE),2003,Before 1853,PLANTS
Elaphoglossum polytrichum,,CR(PE),2003,19th century,PLANTS
Eleocharis lepta,,CR(PE),2008,1897,PLANTS
Emicocarpus fissifolius,,CR(PE),2015,1966,PLANTS
Encephalartos cerinus,Waxen Cycad,CR(PE),2009,Before 2000,PLANTS
Encephalartos hirsutus,Venda Cycad,CR(PE),2009,2004,PLANTS
Encephalartos inopinus,Lydenburg Cycad,CR(PE),2009,2004,PLANTS
Eremospatha barendii,Rattan Palm,CR(PE),2016,2012,PLANTS
Eugenia albida,,CR(PE),2004,Early 19th century,PLANTS
Eugenia guayaquilensis,,CR(PE),2004,Before 1823,PLANTS
Eugenia scheffleri,,CR(PE),2012,1900,PLANTS
Eulophia grandidieri,,CR(PE),2015,1901,PLANTS
Euphorbia alcicornis,,CR(PE),2004,1880,PLANTS
Euphorbia boinensis,,CR(PE),2004,1920,PLANTS
Euphorbia neospinescens,,CR(PE),2013,1942,PLANTS
Euphorbia pirahazo,,CR(PE),2004,?,PLANTS
Galaxaura barbata,,CR(PE),2007,1963,PLANTS
Guzmania lepidota,,CR(PE),2003,1876,PLANTS
Guzmania poortmanii,,CR(PE),2003,1889,PLANTS
Guzmania striata,,CR(PE),2003,1956,PLANTS
Gynura campanulata,,CR(PE),2016,1935,PLANTS
Hunteria hexaloba,,CR(PE),2012,1902,PLANTS
Hymenodictyon seyrigii,,CR(PE),2015,1942,PLANTS
Isoetes heldreichii,,CR(PE),2010,1885,PLANTS
Isoetes sinensis,,CR(PE),2004,?,PLANTS
Kadua haupuensis,,CR(PEW),2015,1998,PLANTS
Kanaloa kahoolawensis,,CR(PEW),2015,2014,PLANTS
Kunkeliella psilotoclada,,CR(PE),2011,1983,PLANTS
Lijndenia brenanii,,CR(PE),2013,1961,PLANTS
Magnolia dixonii,Cucharillo,CR(PE),2015,1965,PLANTS
Magnolia emarginata,,CR(PE),2014,1980s,PLANTS
Magnolia wolfii,,CR(PEW),2007,2006,PLANTS
Manettia canescens,,CR(PE),2004,19th century,PLANTS
Manettia holwayi,,CR(PE),2004,1920,PLANTS
Matelea ecuadorensis,,CR(PE),2003,19th century,PLANTS
Maytenus manabiensis,,CR(PE),2003,19th century,PLANTS
Melpomene brevipes,,CR(PE),2003,19th century,PLANTS
Miconia longisetosa,,CR(PE),2004,1886,PLANTS
Miconia scabra,,CR(PE),2004,1876,PLANTS
Mikania iserniana,,CR(PE),2003,1864,PLANTS
Mikania seemannii,,CR(PE),2003,1845-1852,PLANTS
Mimosa kitrokala,,CR(PE),2009,1947,PLANTS
Panicum pearsonii,,CR(PE),2009,1913,PLANTS
Pentagonia orthoneura,,CR(PE),2004,1860s,PLANTS
Peperomia dauleana,,CR(PE),2004,19th century,PLANTS
Peperomia petraea,,CR(PE),2004,19th century,PLANTS
Philodendron balaoanum,,CR(PE),2003,1891,PLANTS
Phycodrina elegans,,CR(PE),2007,1977,PLANTS
Phyllostegia kahiliensis,,CR(PE),2015,1987,PLANTS
Phyllostegia knudsenii,,CR(PE),2015,2001,PLANTS
Piper molliusculum,,CR(PE),2004,?,PLANTS
Plectranthus scopulicola,,CR(PE),2012,1953,PLANTS
Podocarpus perrieri,,CR(PE),2011,1951,PLANTS
Polygala quitensis,,CR(PE),2004,Before 1854,PLANTS
Polystachya acuminata,,CR(PE),2013,1943,PLANTS
Polystachya canaliculata,,CR(PE),2013,1943-1962,PLANTS
Polystachya porphyrochila,,CR(PE),2013,1970-1982,PLANTS
Polystachya rugosilabia,,CR(PE),2013,1942,PLANTS
Prestonia schumanniana,,CR(PE),2003,1892,PLANTS
Rhynchosia ledermannii,,CR(PE),2015,1908,PLANTS
Schiedea attenuata,,CR(PEW),2015,1994,PLANTS
Senecio navugabensis,,CR(PE),2013,1935,PLANTS
Shorea dispar,,CR(PE),1998,?,PLANTS
Silene perlmanii,,CR(PEW),2015,1997,PLANTS
Siphocampylus loxensis,,CR(PE),2003,?,PLANTS
Solanum semicoalitum,,CR(PE),2004,1864,PLANTS
Stenogyne bifida,,CR(PEW),2015,2014,PLANTS
Stenogyne campanulata,,CR(PEW),2016,2006,PLANTS
Stenogyne kanehoana,,CR(PEW),2015,2013,PLANTS
Stereospermum zenkeri,,CR(PE),2015,1950,PLANTS
Steriphoma urbani,,CR(PE),2003,1980s,PLANTS
Tournefortia obtusiflora,,CR(PE),2003,19th century,PLANTS
Triaspis schliebenii,,CR(PE),2012,1935,PLANTS
Tridactyle sarcodantha,,CR(PE),2013,1933,PLANTS
Uvaria decidua,,CR(PE),2008,1935,PLANTS
Vatica xishuangbannaensis,,CR(PE),1998,?,PLANTS
Viburnum divaricatum,,CR(PE),2003,Before 1844,PLANTS
Xylosma serrata,,CR(PE),2015,1980,PLANTS
Bifurcaria galapagensis,Galápagos Stringweed,CR(PE),2007,1983,PROTISTS
Desmarestia tropica,Tropical Acidweed,CR(PE),2007,1972,PROTISTS
Dictyota galapagensis,,CR(PE),2007,1974,PROTISTS